Review,Stars,Date
"Bonjour!
J'ai adopt√© un chaton m√¢le il y a quelques mois de √ßa qui a voulu marquer son territoire dans notre maison √† 2 endroits. Apr√®s utilisation de ce spray r√©pulsif, il a arr√™t√©!! Le seul d√©fault de ce produit est qu'il laisse une trace l√©g√®rement grasse apr√®s pulv√©risation.",3,Comment√© en France le 25 May 2023
tr√®s bonne odeur mais √† repasser souvent. N'est efficace que si on y repasse tous les deux ou trois jours,4,Comment√© en France le 03 June 2023
Mon chat fait quand m√™me ses besoins malgr√© le produit pulv√©ris√©,3,Comment√© en France le 18 June 2023
"J'avoue qu'il est tr√®s efficace...mon chat ne monte m√™me plus sur le canap√©, donc fini les pipis ...mais l'odeur est vraiment forte ...je dirais m√™me insupportable...dommage car enfin un produit qui fonctionnait. !",4,Comment√© en France le 04 June 2023
"j‚Äôai achet√© ce produit car mon chaton propre , aime faire pipi sur ma couette et mes rideaux, j‚Äôai essay√© le produit car j‚Äôen avait marre de faire des machines . Le produit d√©gage une tr√®s forte odeur d√©sagr√©able, il faut a√©r√©e la pi√®ce une fois l‚Äôapplication, a voir dans le temps si mon chat arr√™te d‚Äôuriner au endroit o√π j‚Äôapplique le produit",4,Comment√© en France le 17 January 2023
"Mon chat s‚Äôest soudain mis √† faire pipi sur mon canap√©, en trois jours de pulverisatio c‚Äô√©tait fini",3,Comment√© en France le 08 April 2023
Produit qui n‚Äôest pas du tout efficace ! Cher pour ce que c‚Äôest,3,Comment√© en France le 17 March 2023
"Pas de r√©sultats concluants sur mon chat qui faisait des marquages .
Faut dire qu'ils sont deux... Les marquages ne s'enl√®vent pas avec un simple spray j'imagine.
L'odeur de citronnelle est infecte ! Mais certainement obligatoire pour de bons r√©sultats",3,Comment√© en France le 13 June 2023
"Ayant des amis chez moi en ce moment le chat , pourtant castr√©, n‚Äôarr√™te pas de marquer son territoire. Du coup apr√®s avoir lu les commentaires , je spray r√©guli√®rement (tous les 1 ou 2 jours sur les zones de marquage (canap√©-lit, couette‚Ä¶), et √ßa a l‚Äôair de fonctionner. √áa sent la citronnelle, comme les produits anti-moustiques, donc faut aimer ou supporter l‚Äôodeur. Perso √ßa ne me g√™ne pas et c‚Äôest pour la bonne cause!",4,Comment√© en France le 25 November 2022
Pas tr√®s efficace malheureusement,3,Comment√© en France le 09 March 2023
"je ne serais dit si ce produit marche correctement car, apr√®s avoir pass√© le produit sur le canap√©, le chat a quand m√™me marqu√© le lendemain, √† voir avec le temps. cependant le produit d√©gage une tr√®s forte odeur, un peu comme un r√©pulsif √† moustique, un petit conseil a√©r√© bien votre pi√®ce apr√®s utilisation.",3,Comment√© en France le 20 December 2022
Achet√© pour √©viter que mon chat urine dans mon garage. Semble assez efficace mais √† pulveriser tous les 2 jours environ ce qui fait un sacr√© d√©bit. Il faut donc racheter r√©guli√®rement un flacon ce qui fait un budget cons√©quent. Odeur forte de citronnelle qui s estompe en quelques heures.,4,Comment√© en France le 21 December 2022
pour l'instant pas tr√®s performant mais peutetr mes chatons sont trop ag√©s,3,Comment√© en France le 29 January 2023
√áa fonctionne pas bien,3,Comment√© en France le 12 February 2023
J'ai parcouru le site √† la recherche de r√©pulsif et celui-ci semble fonctionner sans nous asphyxier.,3,Comment√© en France le 27 February 2023
Pour ma part je ne suis pas satisfaite du produit √ßa ne l emp√™che pas de faire sur certain endroit je l'ai achet√© sur les conseils d'une amie car pour ses chiens le produit fonctionne bien niveau odeur √ßa sent tr√®s bien je pourrais peut-√™tre m'en servir en √©t√© pour faire fuir les moustiquesüòÅ,3,Comment√© en France le 02 April 2023
Je pense que √ßa repousse un peu apr√®s a voir dans la dur√©e,3,Comment√© en France le 25 February 2023
"Utilisation en pr√©vention des urines de chat. Pour l‚Äôheure, les chats continuent de venir toujours au m√™me endroit",4,Comment√© en France le 08 June 2023
"J ai un jeune chien qui a tendance √† uriner encore √† l int√©rieur sa a marcher au d√©but, √† la fin sa ne marchais plus trop et il faut faire super attention si on met du produit au sol sa glisse affreux",2,Comment√© en France le 04 November 2022
Facile √† utiliser produit ne laisse pas de trace sur tapis et tissus,4,Comment√© en France le 30 January 2023
Ne fonctionne pas parfaitement d√©√ßu,3,Comment√© en France le 15 February 2023
Comme r√©pulsif √ßa ne marche pas mais √ßa enl√®ve les odeurs d urine,4,Comment√© en France le 29 May 2023
"Ce produit est utilis√© sur du carrelage pour √©viter les pipis de notre petite minette √† cot√© de sa caisse.
Pour le moment nous en appliquons une fois tous les deux jours et pour le moment plus de pipis ...
Enfin, l'odeur du produit n'est pas incommodante ce qui est aussi un bon point.",3,Comment√© en France le 26 October 2022
rien a dire,4,Comment√© en France le 03 February 2023
J'√©tais septique mais sa marche !!!! Je recommande fortement cest plut√¥t cher mais sa se vaut,2,Comment√© en France le 30 May 2023
N'a pas les effets escompt√©s,4,Comment√© en France le 10 June 2023
"√ßa marche avec mon chiot m√™me s'il a fallu du temps Et l'odeur est tout √† fait correcte, certains produits puent franchement, celui l√† c'est pas mal Je ne dirai pas non plus que √ßa sent super bon hein mais franchement √ßa va.
J'enl√®ve 1 √©toile pour le prix que je trouve excessif.",4,Comment√© en France le 23 September 2022
"Sur ambalage il et indiquer 1 fois par semaine mais non .Doit √™tre pulv√©riser tout les jours pour √™tre efficace.
Odeur plut√¥t forte citronnelle et canelle.",5,Comment√© en France le 12 October 2022
il faut en pulv√©riser r√©guli√®rement....Une chatte vient r√©guli√®rement faire pipi devant ma porte pour attirer mon chat ou marquer son territoire...j'ai commenc√© √† l'utiliser mais j'ai oubli√© un week-end d'en remettre et elle est revenue...donc il faut l'utiliser r√©guli√®rement,2,Comment√© en France le 24 October 2022
On dirait m√™me que mon chiot va encore plus faire pipi l√† o√π j‚Äôen pulv√©rise‚Ä¶,4,Comment√© en France le 23 April 2023
